{"std": 0.44692159792286, "rmse": 1.175207750200242, "sse": 4955.4343629970035, "max": 2.0499605845315894, "min": 0.24181505693596045, "median": 1.2198540704919325, "mean": 1.086910456956226}